KPI Examples	VERWALTUNGSINDIKATOREN (KPI)	BESCHREIBUNG	FORMEL & KALKULATION	Wichtig	Links
â—‹Customer & Produkt Analysekennzahlen	Kundenanalysekennzahlen				
â—‹Customer & Produkt Analysekennzahlen	Kundenlebenswert (CLV)	Durchschnittliche Einnahmen pro Kunde Ã¼ber ihre Lebensdauer.	Durchschnittlicher Kaufwert Ã— Kauf Frequenz Ã— Kundenlebensdauer	Hoch	Link
â—‹Customer & Produkt Analysekennzahlen	Kundenretention Rate	Prozentsatz der Kunden, die Ã¼ber einen bestimmten Zeitraum zurÃ¼ckgehalten werden.	((Endkunden - Neue Kunden) Ã· Start Kunden) Ã— 100	Hoch	Link
â—‹Customer & Produkt Analysekennzahlen	Zollsatz	Prozentsatz der Kunden, die wÃ¤hrend eines bestimmten Zeitraums verloren gingen.	(Kunden verloren Ã· Gesamtkunden) Ã— 100	Hoch	Link
â—‹Customer & Produkt Analysekennzahlen	Net Promoter Score (NPS)	Messt Kundenbindung und Wahrscheinlichkeit, die Marke zu empfehlen.	% Promoter - % Detractors	Hoch	Link
â—‹Customer & Produkt Analysekennzahlen	Durchschnittliche Umsatz pro Nutzer (ARPU)	Einnahmen pro Benutzer im Durchschnitt wÃ¤hrend eines bestimmten Zeitraums generiert.	Gesamtumsatz Ã· Gesamtbenutzer	Mittel	Link
â—‹Customer & Produkt Analysekennzahlen	Wiederholen Kaufpreis	Prozentsatz der Kunden, die einen Wiederverkauf tÃ¤tigen.	(Repeat Kunden Ã· Gesamtkunden) Ã— 100	Mittel	Link
â—‹Customer & Produkt Analysekennzahlen	Kundenzufriedenheits-Score (CSAT)	Messt Kundenzufriedenheit basierend auf Umfrage-Feedback.	Gesamte positive Antworten Ã· Gesamte Antworten Ã— 100	Hoch	Link
â—‹Customer & Produkt Analysekennzahlen	Kundenbeschaffungskosten (CAC)	Kosten fÃ¼r den Erwerb eines einzelnen Kunden.	Total Marketing Spend Ã· Neue Kunden Erworben	Hoch	Link
â—‹Customer & Produkt Analysekennzahlen	Kohorte Retentionsrate	Retentionsrate bestimmter Benutzergruppen (Kohorten) im Laufe der Zeit.	(Cohort Retained Users Ã· Cohort Total Users) Ã— 100	Hoch	Link
â—‹Customer & Produkt Analysekennzahlen	Aktive Nutzer	Gesamtzahl der Nutzer, die sich aktiv mit Ihrem Produkt/Service engagieren.	Zur VerfÃ¼gung gestellt von Analysetools (z.B. Google Analytics, Mixpanel).	Hoch	
â—‹Customer & Produkt Analysekennzahlen	Monatliche wiederkehrende Einnahmen (MRR)	Insgesamt prognostizierbare Einnahmen, die monatlich von Kunden generiert werden.	Monatliche Abonnenten insgesamt Ã— Durchschnittliche Einnahmen pro Benutzer	Hoch	Link
â—‹Customer & Produkt Analysekennzahlen	Erstattungssatz	Prozentsatz der von den Kunden zurÃ¼ckerstatteten AuftrÃ¤ge.	(Refunded Orders Ã· Total Orders) Ã— 100\t	Niedrig	Link
â—‹Customer & Produkt Analysekennzahlen	Nettoeinkommensretention (NRR)	MaÃŸnahmen, die von bestehenden Kunden Ã¼ber einen Zeitraum zurÃ¼ckgehalten werden.	(Revenue Retained + Expansion Revenue - Churned Revenue) Ã· Anfang Umsatz Ã— 100	Hoch	Link
â—‹Customer & Produkt Analysekennzahlen	Kundenbindungspunkte	Kombiniert Produktnutzung, Interaktionen und Feedback in eine einzelne Partitur.	Berechnet mit angriffsspezifischen Metriken	Mittel	Link
â—‹Customer & Produkt Analysekennzahlen	Zeit zur AuflÃ¶sung	Durchschnittliche Zeit zur LÃ¶sung von Kundenproblemen.	GesamtauflÃ¶sung Zeit Ã· Gesamte FÃ¤lle	Mittel	Link
â—‹Customer & Produkt Analysekennzahlen	Upsell Erfolgsquote	Prozentsatz der umgerechneten Upsell-MÃ¶glichkeiten.	(Erfolgreiche Upsells Ã· Total Upsell Opportunities) Ã— 100	Mittel	Link
â—‹Customer & Produkt Analysekennzahlen	Produktanalytikkennzahlen				
â—‹Customer & Produkt Analysekennzahlen	Angebotsliste Preis	Prozentsatz der Nutzer, die neue Funktionen Ã¼bernehmen.	(Benutzer von Feature Ã· Total Active Users) Ã— 100	Mittel	Link
â—‹Customer & Produkt Analysekennzahlen	An Bord der Abschlussquote	Prozentsatz der neuen Benutzer erfolgreich an Bord von Schritten.	(Benutzer abgeschlossen Onboarding Ã· Neue Benutzer) Ã— 100	Hoch	
â—‹Customer & Produkt Analysekennzahlen	Produktnutzungsrate	Prozentsatz der Nutzer, die Ihr Produkt innerhalb eines Zeitraums aktiv nutzen.	(Active Users Ã· Total Users) Ã— 100	Hoch	
â—‹Customer & Produkt Analysekennzahlen	Zeit zum ersten Wert (TTFV)	Zeit braucht es, um den Wert des Produkts zu erfahren.	Zeit des ersten Wertereignisses - An Bord der Startzeit	Hoch	Link
â—‹Customer & Produkt Analysekennzahlen	TÃ¤glich aktive Nutzer (DAU)	Gesamtzahl der einzigartigen tÃ¤glichen Benutzer.	Insgesamt einzigartige Nutzer pro Tag	Mittel	Link
â—‹Customer & Produkt Analysekennzahlen	Monatliche aktive Nutzer (MAU)	Gesamtzahl der einzigartigen Benutzer Ã¼ber einen Monat.	Insgesamt einzigartige Benutzer pro Monat	Mittel	Link
â—‹Customer & Produkt Analysekennzahlen	BenutzerrÃ¼ckhalterate	Prozentsatz der Nutzer, die nach ihrer ersten Sitzung zum Produkt zurÃ¼ckkehren.	(Retained Users Ã· Total Users) Ã— 100	Hoch	Link
â—‹Customer & Produkt Analysekennzahlen	Durchschnittliche Sitzungsdauer	Durchschnittliche Zeit Benutzer verbringen auf Ihrem Produkt wÃ¤hrend einer Sitzung.	Sitzungsperiode insgesamt Ã· Sitzungen insgesamt	Hoch	
â—‹Customer & Produkt Analysekennzahlen	SitzungshÃ¤ufigkeit	Durchschnittliche Anzahl der Sitzungen pro Benutzer Ã¼ber einen bestimmten Zeitraum.	Gesamtsitzungen Ã· Gesamtbenutzer	Hoch	
â—‹Customer & Produkt Analysekennzahlen	Kundenbetreuung (CES)	Messt Aufwand Kunden Erfahrung mit Ihrem Produkt / Service.	Erhebungsmetrik basierend auf einer Skala (z.B. 1-5).	Hoch	Link
â—‹Customer & Produkt Analysekennzahlen	Bugs/Issues gemeldet	Gesamtzahl der von den Benutzern gemeldeten Fehler/Probleme.	Anzahl der Fehlerberichte	Niedrig	
â—‹Customer & Produkt Analysekennzahlen	Funktion NutzungshÃ¤ufigkeit	HÃ¤ufigkeit, mit der Benutzer eine bestimmte Funktion verwenden.	(Feature Usage Events Ã· Total Sessions) Ã— 100	Mittel	
â—‹Customer & Produkt Analysekennzahlen	Zeit Schlange pro Feature	Durchschnittliche Zeitverwender verbringen mit einer bestimmten Funktion.	Gesamtzeit auf Feature Ã· Feature Sessions	Mittel	
ğŸ“ˆ Finanzen und Rechnungswesen Kennzahlen	Einnahmen insgesamt	Gesamteinkommen aus allen GeschÃ¤ftsbereichen Ã¼ber einen bestimmten Zeitraum.	Summe aller Einnahmenquellen	Hoch	Link
ğŸ“ˆ Finanzen und Rechnungswesen Kennzahlen	Bruttogewinnspanne	Prozentsatz der Einnahmen, die nach Abzug der Kosten der verkauften Waren (COGS) zurÃ¼ckbleiben.	((Revenue - COGS) Ã· Einnahmen) Ã— 100	Hoch	Link
ğŸ“ˆ Finanzen und Rechnungswesen Kennzahlen	Nettogewinnspanne	Prozentsatz der Einnahmen, die nach allen Ausgaben, Steuern und Kosten zurÃ¼ckbleiben.	(Nettogewinn Î¦ Einkommen) Ã— 100	Hoch	Link
ğŸ“ˆ Finanzen und Rechnungswesen Kennzahlen	Betriebsgewinnspanne	Prozentsatz der Einnahmen, die nach den Betriebskosten zurÃ¼ckbleiben.	(Einkommen Ã· Einnahmen) Ã— 100	Mittel	Link
ğŸ“ˆ Finanzen und Rechnungswesen Kennzahlen	Umsatzwachstumsrate	Steuersatz, zu dem die Einnahmen Ã¼ber einen bestimmten Zeitraum ansteigen.	((VorlÃ¤ufige Einnahmen) Ã— 100	Hoch	Link
ğŸ“ˆ Finanzen und Rechnungswesen Kennzahlen	EBITDA	Ergebnis vor Zinsen, Steuern, Abschreibungen und Abschreibungen.	Einnahmen - Ausgaben (ohne Zinsen, Steuern, Abschreibungen und Abschreibungen)	Hoch	Link
ğŸ“ˆ Finanzen und Rechnungswesen Kennzahlen	Return on Sales (ROS)	Prozentsatz der Einnahmen, die in das operative Ergebnis umgerechnet werden.	Betriebsergebnis Ã· Umsatz Ã— 100	Mittel	Link
ğŸ“ˆ Finanzen und Rechnungswesen Kennzahlen	Bruchpunkt	Die Einnahmen mÃ¼ssen alle Kosten decken und beginnen, Gewinn zu generieren.	Feste Kosten Ã· (Unit Preis - variable Kosten pro Einheit)	Mittel	Link
ğŸ“ˆ Finanzen und Rechnungswesen Kennzahlen	Einnahmen je BeschÃ¤ftigten	Durchschnittseinkommen je BeschÃ¤ftigten.	Gesamtumsatz Ã· GesamtbeschÃ¤ftigung	Mittel	
ğŸ“ˆ Finanzen und Rechnungswesen Kennzahlen	Gewinn pro Kunde	Durchschnittliche Gewinne pro Kunde.	Gesamtgewinn Ã· Gesamtkunden	Mittel	
ğŸ“ˆ Finanzen und Rechnungswesen Kennzahlen	Kosten- und Kostenmanagement Kennzahlen				
ğŸ“ˆ Finanzen und Rechnungswesen Kennzahlen	Betriebskosten-VerhÃ¤ltnis (OER)	Prozentsatz der Einnahmen fÃ¼r die Betriebskosten.	(Operating Ausgaben Ã· Einnahmen) Ã— 100	Hoch	Link
ğŸ“ˆ Finanzen und Rechnungswesen Kennzahlen	Kosten der verkauften Waren (COGS)	Direkte Kosten fÃ¼r die Herstellung von Waren oder Dienstleistungen, die vom Unternehmen verkauft werden.	Summe der Direktproduktionskosten	Hoch	Link
ğŸ“ˆ Finanzen und Rechnungswesen Kennzahlen	Betriebskosten insgesamt	Gesamtkosten, die bei laufenden TagesgeschÃ¤ften entstehen.	Summe aller Betriebskosten	Hoch	Link
ğŸ“ˆ Finanzen und Rechnungswesen Kennzahlen	Haushaltsvariante	Differenz zwischen geplantem Budget und tatsÃ¤chlichen Ausgaben.	(Budgeted Costs - TatsÃ¤chliche Kosten)	Hoch	Link
ğŸ“ˆ Finanzen und Rechnungswesen Kennzahlen	Kosteneinsparungen erzielt	Gesamtersparnis durch Kostensenkungsinitiativen.	Erste Kosten - reduzierte Kosten	Mittel	
ğŸ“ˆ Finanzen und Rechnungswesen Kennzahlen	Kosten prozentualer Anteil	Prozentsatz der Gesamteinnahmen auf Gemeinkosten.	(Overhead Kosten Ã· Einnahmen) Ã— 100	Mittel	Link
ğŸ“ˆ Finanzen und Rechnungswesen Kennzahlen	Lohn- und GehaltsverhÃ¤ltnis	Prozentsatz der Einnahmen, die fÃ¼r die Lohnkosten ausgegeben werden.	(Gesamtkosten Ã· Umsatz) Ã— 100	Mittel	Link
ğŸ“ˆ Finanzen und Rechnungswesen Kennzahlen	Kosten pro Einheit	Durchschnittliche Kosten fÃ¼r die Herstellung oder den Erwerb einer Einheit eines Produktes oder Dienstes.	Gesamtkosten Ã· Einheiten Produziert	Mittel	Link
ğŸ“ˆ Finanzen und Rechnungswesen Kennzahlen	Variable Kostenrate	Prozentsatz der auf variable Kosten ausgegebenen Einnahmen.	(Variable Kosten Ã· Einnahmen) Ã— 100	Mittel	Link
ğŸ“ˆ Finanzen und Rechnungswesen Kennzahlen	Feste Kostendeckungsquote	Messt die FÃ¤higkeit des Unternehmens, feste Kosten mit Einnahmen zu decken.	Einnahmen Ã· Feste Kosten	Hoch	Link
ğŸ“ˆ Finanzen und Rechnungswesen Kennzahlen	LiquiditÃ¤ts- und Cashflow-Kennzahlen				
ğŸ“ˆ Finanzen und Rechnungswesen Kennzahlen	Aktuelles VerhÃ¤ltnis	Messt die FÃ¤higkeit des Unternehmens, kurzfristige Verbindlichkeiten mit kurzfristigen VermÃ¶genswerten zu zahlen.	Aktuelle VermÃ¶genswerte Ã· Aktuelle Verbindlichkeiten	Hoch	Link
ğŸ“ˆ Finanzen und Rechnungswesen Kennzahlen	Quick Ratio (Acid-Test Ratio)	Messt die FÃ¤higkeit, kurzfristige Verpflichtungen zu zahlen, ohne sich auf Inventar verlassen.	(Current Assets - Inventory) Ã· Aktuelle Verbindlichkeiten	Hoch	Link
ğŸ“ˆ Finanzen und Rechnungswesen Kennzahlen	Cash Conversion Cycle (CCC)	Zeit, die es braucht, um das Inventar in Cashflows aus dem Verkauf umzuwandeln.	Tage Inventory Outstanding + Days Sales Outstanding - Tage Payables Hervorragend	Mittel	Link
ğŸ“ˆ Finanzen und Rechnungswesen Kennzahlen	Betriebsmittelfluss (OCF)	Barmittel aus regelmÃ¤ÃŸigen GeschÃ¤ftsbetrieben.	Cashflow aus Operationen insgesamt	Hoch	Link
ğŸ“ˆ Finanzen und Rechnungswesen Kennzahlen	Free Cash Flow (FCF)	Restbetrag nach den Kapitalaufwendungen.	Betriebsmittelfluss - Investitionsausgaben	Hoch	Link
ğŸ“ˆ Finanzen und Rechnungswesen Kennzahlen	Cash Flow Covering Rat	Messt die FÃ¤higkeit des Unternehmens, Verbindlichkeiten mit Cashflow aus Operationen abzudecken.	Betriebsmittelfluss Ã· GesamtlÃ¶slichkeiten	Mittel	Link
ğŸ“ˆ Finanzen und Rechnungswesen Kennzahlen	Cashflow zum Umsatz	Anteil der Einnahmen als Barmittel.	Betriebsmittelfluss Ã· Gesamtumsatz Ã— 100	Mittel	Link
ğŸ“ˆ Finanzen und Rechnungswesen Kennzahlen	Erwerbskapitalquote	Messt LiquiditÃ¤t und betriebliche Effizienz.	(Current Assets - Aktuelle Verbindlichkeiten) Ã· GesamtvermÃ¶gen	Mittel	Link
ğŸ“ˆ Finanzen und Rechnungswesen Kennzahlen	Volumenstrom	Vergleicht Gesamtschulden zum operativen Cashflow.	Gesamtverschuldung Ã· Operating Cash Flow	Mittel	Link
ğŸ“ˆ Finanzen und Rechnungswesen Kennzahlen	Tage Bargeld auf der Hand	Messt, wie viele Tage das Unternehmen mit seinem verfÃ¼gbaren Bargeld arbeiten kann.	(Cash Ã· TÃ¤gliche Betriebskosten)	Hoch	Link
ğŸ“ˆ Finanzen und Rechnungswesen Kennzahlen	Forderungen & Bezahlbar Kennzahlen				
ğŸ“ˆ Finanzen und Rechnungswesen Kennzahlen	Days Sales Outstanding (DSO)	Durchschnittliche Anzahl der Tage es dauert, um die Zahlung nach einem Verkauf zu sammeln.	(Accounts Receivable Ã· Total Credit Sales) Ã— Anzahl der Tage	Hoch	Link
ğŸ“ˆ Finanzen und Rechnungswesen Kennzahlen	Konten Aktiver Umsatz VerhÃ¤ltnis	MaÃŸnahmen, wie effizient Forderungen wÃ¤hrend eines Zeitraums erhoben werden.	Netto-Kreditverkauf Ã· Durchschnittliche Konten	Hoch	Link
ğŸ“ˆ Finanzen und Rechnungswesen Kennzahlen	Durchschnittlicher Erfassungszeitraum	Durchschnittliche Zeit, um Forderungen zu sammeln.	365 Ã· Konten Forderung UmsatzverhÃ¤ltnis	Mittel	Link
ğŸ“ˆ Finanzen und Rechnungswesen Kennzahlen	Schlechte Schuldenquote	Prozentsatz der Forderungen, die als schlechte Schulden abgeschrieben werden.	(Bad Debts Ã· Gesamtkonten Aktivierbar) Ã— 100	Mittel	Link
ğŸ“ˆ Finanzen und Rechnungswesen Kennzahlen	Tage VerfÃ¼gbares Outding (DIP)	Durchschnittliche Anzahl der Tage, die das Unternehmen benÃ¶tigt, um seine Lieferanten zu bezahlen.	(Accounts Payable Ã· COGS) Ã— Anzahl der Tage	Hoch	Link
ğŸ“ˆ Finanzen und Rechnungswesen Kennzahlen	Konten Zahlbare Umsatzrate	Messt, wie schnell das Unternehmen seinen Lieferanten zahlt.	Gesamtzulieferer kauft Ã· Durchschnittskonten Bezahlbar	Hoch	Link
ğŸ“ˆ Finanzen und Rechnungswesen Kennzahlen	Durchschnittliche Zahlungsfrist	Durchschnittliche Zeit zur Abrechnung der zu zahlenden Konten.	365 Ã· Konten Zahlbare Umsatzrate	Mittel	
ğŸ“ˆ Finanzen und Rechnungswesen Kennzahlen	Cash Conversion-Efficiency (CCE)	Messt die Effizienz der Umwandlung von VerkÃ¤ufen in Bargeld.	Betriebsmittelfluss Ã· Umsatz Ã— 100	Mittel	Link
ğŸ“ˆ Finanzen und Rechnungswesen Kennzahlen	Kosten fÃ¼r die Auftragsverarbeitung	Durchschnittliche Kosten fÃ¼r die Abwicklung einer Rechnung.	Gesamtprozesskosten Ã· Gesamtrechnungen verarbeitet	Mittel	
ğŸ“ˆ Finanzen und Rechnungswesen Kennzahlen	Zahlungsfehlerquote	Prozentsatz der Fehler bei Zahlungen an Lieferanten.	(Zahlungsfehler Ã· Gesamtzahlungen) Ã— 100	Mittel	
ğŸ‘¥ Personalcontrolling-Kennzahlen	Zeit zum AusfÃ¼llen	Durchschnittliche Zeit, die benÃ¶tigt wird, um einen Arbeitsplatz zu fÃ¼llen.	Total Time to Fill All Roles Ã· Anzahl der Roles	Hoch	Link
ğŸ‘¥ Personalcontrolling-Kennzahlen	Zeit zum Verleihen	Durchschnittliche Zeit zwischen Bewerbung und Annahme des Angebots.	Gesamtzeit zu mieten Ã· Anzahl der Hires	Hoch	Link
ğŸ‘¥ Personalcontrolling-Kennzahlen	Kosten pro Miete	Durchschnittliche Kosten fÃ¼r die Anmietung eines Mitarbeiters.	Gesamtrekrutierungskosten Ã· Anzahl der Mieten	Hoch	Link
ğŸ‘¥ Personalcontrolling-Kennzahlen	Angebot Akzeptanzrate	Prozentsatz der von Bewerbern akzeptierten Stellenangebote.	(Akzeptierte Angebote Ã· Gesamt Angebote) Ã— 100	Mittel	Link
ğŸ‘¥ Personalcontrolling-Kennzahlen	Sourcing Channel EffektivitÃ¤t	Verfolgen Sie, welche KanÃ¤le die meisten Anmietungen generieren.	(Hires from Source Ã· Total Hires) Ã— 100	Mittel	
ğŸ‘¥ Personalcontrolling-Kennzahlen	Mitarbeiter Umsatz Preis	Prozentsatz der Arbeitnehmer, die wÃ¤hrend eines bestimmten Zeitraums verlassen.	(Mitarbeiter, die links Ã· Durchschnittlicher Gesamtarbeiter) Ã— 100	Hoch	Link
ğŸ‘¥ Personalcontrolling-Kennzahlen	Freiwilliger Umsatz Preis	Prozentsatz der freiwillig verlassenen Mitarbeiter.	(Voluntary Leavers Ã· Total Employes) Ã— 100	Hoch	
ğŸ‘¥ Personalcontrolling-Kennzahlen	Retentionsrate	Prozentsatz der Mitarbeiter, die Ã¼ber einen bestimmten Zeitraum bei dem Unternehmen bleiben.	((Gesamtarbeiter - Mitarbeiter, die links) Ã· Gesamtarbeiter) Ã— 100	Hoch	Link
ğŸ‘¥ Personalcontrolling-Kennzahlen	Interne Mietquote	Prozentsatz der Rollen, die von internen Kandidaten besetzt werden.	(Internal Hires Ã· Gesamt Hires) Ã— 100	Mittel	Link
ğŸ‘¥ Personalcontrolling-Kennzahlen	Durchschnittliche Spannung	Durchschnittliche Dauer der Mitarbeiter bleiben bei der Firma.	Gesamtbelastung aller Arbeitnehmer Ã· GesamtbeschÃ¤ftigung	Mittel	Link
ğŸ‘¥ Personalcontrolling-Kennzahlen	ErstjÃ¤hrige RÃ¼cktrittsquote	Prozentsatz der Mitarbeiter, die innerhalb ihres ersten Jahres zurÃ¼cktreten.	(Erste-Jahr-RÃ¼cktritte Ã· Neue Mieten insgesamt) Ã— 100	Mittel	Link
ğŸ‘¥ Personalcontrolling-Kennzahlen	Vacance Rate	Prozentsatz der freien Positionen im Unternehmen.	Gesamtpositionen Ã— 100	Hoch	Link
ğŸ‘¥ Personalcontrolling-Kennzahlen	Neuer Umsatz	Prozentsatz der neuen Mieten, die innerhalb eines bestimmten Zeitraums (z.B. 6 Monate) abreisen.	(New Hire Leavers Ã· Total New Hires) Ã— 100	Mittel	
ğŸ‘¥ Personalcontrolling-Kennzahlen	Mitarbeiter Engagement & Performance Kennzahlen				
ğŸ‘¥ Personalcontrolling-Kennzahlen	Mitarbeiterbindung Ergebnis	MaÃŸnahmen insgesamt Mitarbeiterbeteiligung durch Erhebungen.	(Gesamt Engagement Score Ã· Total Responses) Ã— 100	Hoch	Link
ğŸ‘¥ Personalcontrolling-Kennzahlen	Net Promoter Score (NPS) fÃ¼r Mitarbeiter	MaÃŸnahmen, wie wahrscheinlich Mitarbeiter die Organisation als Arbeitsplatz empfehlen.	% Promoter - % Detractors	Hoch	Link
ğŸ‘¥ Personalcontrolling-Kennzahlen	Mitarbeiter Zufriedenheitsergebnis (ESAT)	Messt die Zufriedenheit der Mitarbeiter durch Umfragen.	(Positive Reaktionen) Ã— 100	Hoch	Link
ğŸ‘¥ Personalcontrolling-Kennzahlen	Absenteism Rate	Prozentsatz der unbefristeten Abwesenheiten gegenÃ¼ber den Gesamtarbeitstagen.	(Gesamt Unscheduled Absences Ã· Total Workdays) Ã— 100	Mittel	Link
ğŸ‘¥ Personalcontrolling-Kennzahlen	Mitarbeiter ProduktivitÃ¤t Preis	MaÃŸnahmen, die pro Arbeitnehmer bezogen auf die Eingabe ausgegeben werden (Arbeitsstunden usw.).	Ausgabe Ã· Stunden	Hoch	
ğŸ‘¥ Personalcontrolling-Kennzahlen	Mitarbeiter Umsatz (Low Performers)	Prozentsatz der Mitarbeiter, die das Unternehmen verlassen.	(Low Performer Exits Ã· Mitarbeiter insgesamt) Ã— 100	Mittel	
ğŸ‘¥ Personalcontrolling-Kennzahlen	Peer Recognition Rate	Prozentsatz der Mitarbeiter, die an Anerkennungsprogrammen teilnehmen.	(Erkannte Mitarbeiter Ã· Gesamtarbeiter) Ã— 100	Mittel	
ğŸ‘¥ Personalcontrolling-Kennzahlen	Interne Promotion Rate	Prozentsatz der FÃ¶rderungen, die an interne Mitarbeiter vergeben werden.	(Innenaktionen Ã· Gesamtaktionen) Ã— 100	Mittel	
ğŸ‘¥ Personalcontrolling-Kennzahlen	Work-Life Balance Score	Messt die Wahrnehmung der Mitarbeiter Ã¼ber ihre Work-Life-Balance.	Erhebungsbasierte Metrik (1-5 Skala zum Beispiel)	Mittel	
ğŸ‘¥ Personalcontrolling-Kennzahlen	Ausbildung und Entwicklung Kennzahlen				
ğŸ‘¥ Personalcontrolling-Kennzahlen	Ausbildungsabschluss	Prozentsatz der Mitarbeiter, die zugewiesene Ausbildungsprogramme abgeschlossen haben.	(Komplettes Training Ã· Zugeteiltes Training) Ã— 100	Hoch	
ğŸ‘¥ Personalcontrolling-Kennzahlen	Durchschnittliche Trainingsstunden pro Mitarbeiter	Durchschnittliche Anzahl der von den Arbeitnehmern Ã¼ber einen Zeitraum abgeschlossenen Ausbildungsstunden.	Gesamte Ausbildungszeiten Ã· Gesamte Mitarbeiter	Niedrig	
ğŸ‘¥ Personalcontrolling-Kennzahlen	Kosten pro Training	Durchschnittliche Kosten pro Stunde der Ausbildung.	Ausbildungskosten insgesamt	Mittel	
ğŸ‘¥ Personalcontrolling-Kennzahlen	Ausbildungsquote	Prozentsatz der Mitarbeiter, die an den geplanten Schulungen teilnehmen.	(BeschÃ¤ftigte Ã· Mitarbeiter eingestellt) Ã— 100	Mittel	
ğŸ‘¥ Personalcontrolling-Kennzahlen	Interne MobilitÃ¤t Preis	Prozentsatz der Mitarbeiter, die aufgrund der Ausbildung gefÃ¶rdert oder seitlich bewegt wurden.	(Internal Moves Ã· Mitarbeiter insgesamt) Ã— 100	Hoch	Link
ğŸ‘¥ Personalcontrolling-Kennzahlen	Zertifizierungssatz	Prozentsatz der Mitarbeiter, die nach dem Training Zertifizierungen erhalten.	(Mitarbeiter zertifiziert Ã· Mitarbeiter trainiert) Ã— 100	Hoch	
ğŸ‘¥ Personalcontrolling-Kennzahlen	eLearning Nutzungsrate	Prozentsatz der Mitarbeiter, die in eLearning-Programmen tÃ¤tig sind.	(eLearning Teilnehmer Ã· Mitarbeiter insgesamt) Ã— 100	Mittel	
ğŸ‘¥ Personalcontrolling-Kennzahlen	HR Betriebseffizienzkennzahlen				
ğŸ‘¥ Personalcontrolling-Kennzahlen	Personalkosten je BeschÃ¤ftigten	Durchschnittliche Kosten der HR-Operationen pro Mitarbeiter.	Gesamte Personalkosten Ã· Gesamte Mitarbeiter	Hoch	Link
ğŸ‘¥ Personalcontrolling-Kennzahlen	Zeit, Mitarbeiteranfragen zu lÃ¶sen	Durchschnittliche Zeit dauert es HR, um Mitarbeiterbelange oder Anfragen zu lÃ¶sen.	Total Time to Resolving Queries Ã· Total Queries	Hoch	Link
ğŸ‘¥ Personalcontrolling-Kennzahlen	Personal Budget Nutzung	Prozentsatz des Personalbudgets, der innerhalb eines bestimmten Zeitraums ausgegeben wird.	(HR) Expension (HR Budget) Ã— 100	Hoch	
ğŸ‘¥ Personalcontrolling-Kennzahlen	Lohn- und GehaltsempfÃ¤nger	Prozentualer Anteil der ohne Fehler verarbeiteten Lohnrollen.	(Akcurate Payrolls Ã· Total Payrolls) Ã— 100	Hoch	Link
ğŸ‘¥ Personalcontrolling-Kennzahlen	Abrufquote	Prozentsatz der Mitarbeiter, die freiwillig oder unfreiwillig ausscheiden.	(Arbeitnehmer Ã· Durchschnittliche GesamtbeschÃ¤ftigte) Ã— 100	Hoch	Link
ğŸ’µ Verkaufskennzahlen	Einnahmen insgesamt	Gesamtertrag aus VerkÃ¤ufen innerhalb eines bestimmten Zeitraums.	Summe aller UmsatzerlÃ¶se	Hoch	Link
ğŸ’µ Verkaufskennzahlen	Bruttogewinnspanne	Prozentsatz der Einnahmen, die nach Abzug der Kosten der verkauften Waren (COGS) zurÃ¼ckbleiben.	((Revenue - COGS) Ã· Einnahmen) Ã— 100	Hoch	Link
ğŸ’µ Verkaufskennzahlen	Nettogewinnspanne	Prozentsatz der Einnahmen, die nach allen Ausgaben, Steuern und Kosten zurÃ¼ckbleiben.	(Nettogewinn Î¦ Einkommen) Ã— 100	Hoch	Link
ğŸ’µ Verkaufskennzahlen	Umsatzwachstumsrate	Rate, zu der der Umsatz Ã¼ber einen bestimmten Zeitraum steigt.	((Zurzeitige Einnahmen - Vorheriger Zeitraum Einnahmen) Ã· Vorheriger Zeitraum Einnahmen) Ã— 100	Hoch	Link
ğŸ’µ Verkaufskennzahlen	Durchschnittliche Umsatz pro Nutzer (ARPU)	Durchschnittliche Einnahmen pro Kunde Ã¼ber eine bestimmte Zeit.	Gesamtumsatz Ã· Gesamtkunden	Mittel	Link
ğŸ’µ Verkaufskennzahlen	Kundenlebenswert (CLV)	Gesamteinnahmen, die von einem Kunden Ã¼ber sein Leben erwartet werden.	Durchschnittlicher Kaufwert Ã— Kauf Frequenz Ã— Kundenlebensdauer	Hoch	Link
ğŸ’µ Verkaufskennzahlen	Verkauf durch Produkt oder Service	UmsatzaufschlÃ¼sselung nach einzelnen Produkten oder Dienstleistungen.	Bildmaterial von Verkaufsanalysen	Hoch	
ğŸ’µ Verkaufskennzahlen	Umsatzwachstumsrate	Messt die Steigerung oder Abnahme des Umsatzes im Laufe der Zeit.	((Verkaufszeitraum - Vorheriger Umsatz) Ã· Vorheriger Umsatz) Ã— 100	Mittel	
ğŸ’µ Verkaufskennzahlen	Verkaufskosten	Gesamtkosten, die direkt mit dem Verkauf eines Produkts oder einer Dienstleistung verbunden sind.	Summe der Direktverkaufskosten	Mittel	Link
ğŸ’µ Verkaufskennzahlen	Umsatz Beitragsspanne	Die Gewinne, die nach variablen Kosten durch den Umsatz erzielt werden, werden subtrahiert.	Einnahmen Ã— 100	Mittel	Link
ğŸ’µ Verkaufskennzahlen	Vertriebsteam Leistungskennzahlen				
ğŸ’µ Verkaufskennzahlen	Umsatz Zielerzielungsrate	Prozentsatz des Verkaufsziels, das durch das Team oder einzelne Vertreter erreicht wird.	(current Sales Ã· Sales Target) Ã— 100	Hoch	
ğŸ’µ Verkaufskennzahlen	Gewinne	Prozentsatz der gewonnenen Angebote im Vergleich zu Gesamtchancen.	(Deals Won Ã· Gesamtchancen) Ã— 100	Hoch	
ğŸ’µ Verkaufskennzahlen	Durchschnittliche Verkaufsmenge	Durchschnittliche Einnahmen pro abgeschlossenem GeschÃ¤ft.	Gesamtumsatz Ã· Geschlossene Angebote insgesamt	Mittel	
ğŸ’µ Verkaufskennzahlen	VerkÃ¤ufe pro Rep	Gesamtumsatz, der von jedem Verkaufsvertreter erzielt wird.	Umsatz Generiert Ã· Gesamtumsatz wiederholt	Hoch	
ğŸ’µ Verkaufskennzahlen	Umrechnungskurs fÃ¼r die Leitzinsen	Prozentsatz der Leads, die in Verkaufschancen umgewandelt wurden.	(Qualified Leads Ã· Total Leads) Ã— 100	Mittel	Link
ğŸ’µ Verkaufskennzahlen	Umrechnungskurs Opportunity-to-Win	Prozentsatz der Chancen, die erfolgreich in Angebote umgewandelt wurden.	(Deals Won Ã· Gesamtchancen) Ã— 100	Hoch	Link
ğŸ’µ Verkaufskennzahlen	Durchschnittlicher Verkaufszyklus LÃ¤nge	Durchschnittliche Zeit dauert es, einen Deal von Anfangskontakt zu schlieÃŸen.	Alle Angebote zu schlieÃŸen Ã· Geschlossene Angebote insgesamt	Mittel	Link
ğŸ’µ Verkaufskennzahlen	Call-to-Meeting Ratio	Prozentsatz der VerkaufsgesprÃ¤che, die in planmÃ¤ÃŸigen Sitzungen resultieren.	(Meetings Scheduled Ã· VerkaufsgesprÃ¤che gemacht) Ã— 100	Mittel	
ğŸ’µ Verkaufskennzahlen	Kundenbeschaffungskosten (CAC) durch Rep	Durchschnittliche Kosten fÃ¼r den Erwerb eines Kunden, segmentiert von rep.	Gesamtverkauf & Marketing Verbringen Sie Ã· Kunden, die pro Rep erworben werden	Mittel	
ğŸ’µ Verkaufskennzahlen	Pipeline-Wert fÃ¼r Sales Rep	Gesamtwert der Angebote, die derzeit in der Pipeline fÃ¼r jeden Vertriebsreferent vorhanden sind.	Summe der Deal-Werte in Pipeline	Hoch	
ğŸ’µ Verkaufskennzahlen	TÃ¤tigkeit pro Rep	Gesamtzahl der abgeschlossenen AktivitÃ¤ten (Calls, E-Mails, Meetings, etc.) pro Rep.	GesamtaktivitÃ¤ten Ã· Anzahl der Wiederholungen	Mittel	
ğŸ’µ Verkaufskennzahlen	Lead Generation & Conversion Kennzahlen				
ğŸ’µ Verkaufskennzahlen	Anzahl der gewonnenen Leads	Gesamtzahl der wÃ¤hrend eines bestimmten Zeitraums erworbenen Leads.	Summe aller erfassten Leads	Hoch	
ğŸ’µ Verkaufskennzahlen	Umrechnungskurs	Prozentsatz der Leads, die in zahlende Kunden umgewandelt werden.	(Converted Leads Ã· Total Leads) Ã— 100	Hoch	
ğŸ’µ Verkaufskennzahlen	Marketing Qualifizierte Leads (MQLs)	Anzahl der Leads, die fÃ¼r die Ãœbergabe an das Vertriebsteam vorgesehen sind.	MQL insgesamt generiert	Hoch	Link
ğŸ’µ Verkaufskennzahlen	Verkauf Qualifizierte Leads (SQLs)	Anzahl der nach der Verkaufsqualifikation als verkaufsfertig zugelassenen Leads.	Total SQLs Generiert	Hoch	Link
ğŸ’µ Verkaufskennzahlen	Kosten pro Lead (CPL)	Durchschnittliche Kosten fÃ¼r die Erzeugung einer einzigen Leitung.	Gesamt Lead Generation Kosten Ã· Gesamt Leads	Hoch	
ğŸ’µ Verkaufskennzahlen	Lead Response Time	Durchschnittliche Zeit fÃ¼r den Verkauf, um auf eine FÃ¼hrung nach dem Erwerb zu reagieren.	Gesamte Antwortzeit Ã· Gesamte Leads	Mittel	
ğŸ’µ Verkaufskennzahlen	Umrechnungskurs der Webseite	Prozentsatz der Besucher der Website, die in Leads umwandeln.	(Website Leads Ã· Gesamtbesucher) Ã— 100	Mittel	
ğŸ’µ Verkaufskennzahlen	Formular-Zulassungssatz	Prozentsatz der Besucher, die ein Lead-Capture-Formular ausfÃ¼llen.	(FormeintrÃ¤ge Ã· Gesamtbesucher) Ã— 100	Mittel	Link
ğŸ’µ Verkaufskennzahlen	E-Mail-Bewertung	Prozentsatz der Nutzer, die sich fÃ¼r E-Mail-Kommunikation anmelden.	(Ins Ã· Gesamtbesucher) Ã— 100	Mittel	Link
ğŸ’µ Verkaufskennzahlen	Umrechnungskurs fÃ¼r Lead Nurturing	Prozentsatz der gefÃ¶rderten Leads, die sich in AbsatzmÃ¶glichkeiten umwandeln.	(Nurtured Leads Converted Ã· Total Nurtured Leads) Ã— 100	Mittel	
ğŸ’µ Verkaufskennzahlen	Chancen-zu-Lead Ratio	Prozentsatz der Leads, die qualifizierte VerkaufsmÃ¶glichkeiten werden.	Gesamtleitungen Ã— 100	Mittel	
ğŸ’µ Verkaufskennzahlen	Wachstumsrate der Pipeline	Prozentualer Anstieg des Gesamtwerts der Leads in der Vertriebspipeline.	(Zeitraum Pipeline-Wert - frÃ¼here Periode Pipeline-Wert) Ã· Vorheriger Zeitraum Pipeline-Wert) Ã— 100	Mittel	
ğŸ’µ Verkaufskennzahlen	Kundenbeziehung Kennzahlen				
ğŸ’µ Verkaufskennzahlen	Kundenretention Rate	Prozentsatz der Kunden, die Ã¼ber einen bestimmten Zeitraum zurÃ¼ckgehalten werden.	((Endkunden - Neue Kunden) Ã· Start Kunden) Ã— 100	Hoch	Link
ğŸ’µ Verkaufskennzahlen	Kundenbetreuung	Prozentsatz der Kunden, die wÃ¤hrend eines bestimmten Zeitraums verloren gingen.	(Lost Customers Ã· Gesamtkunden) Ã— 100	Hoch	Link
ğŸ’µ Verkaufskennzahlen	Kundenzufriedenheits-Score (CSAT)	Messt Kundenzufriedenheit basierend auf Umfrage-Feedback.	(Positive Reaktionen) Ã— 100	Hoch	Link
ğŸ’µ Verkaufskennzahlen	Net Promoter Score (NPS)	Messt Kundenbindung und Wahrscheinlichkeit, die Marke zu empfehlen.	% Promoter - % Detractors	Hoch	Link
ğŸ’µ Verkaufskennzahlen	Umsatz im Upsell	Gesamteinnahmen aus dem Verkauf bestehender Kunden.	Summe der Upsell-Transaktionen Umsatz	Mittel	Link
ğŸ’µ Verkaufskennzahlen	Ãœber uns	Gesamteinnahmen aus verkaufsÃ¼bergreifenden Produkten oder Dienstleistungen.	Summe der Cross-Sell-Transaktionen Umsatz	Mittel	Link
ğŸ’µ Verkaufskennzahlen	Wiederholen Kaufpreis	Prozentsatz der Kunden, die mehr als einen Kauf tÃ¤tigen.	(Repeat Kunden Ã· Gesamtkunden) Ã— 100	Hoch	Link
ğŸ’µ Verkaufskennzahlen	Kundenlebenswert (CLV)	Gesamteinnahmen, die von einem Kunden Ã¼ber sein Leben erwartet werden.	Durchschnittlicher Kaufwert Ã— Kauf Frequenz Ã— Kundenlebensdauer	Hoch	Link
ğŸ’µ Verkaufskennzahlen	Kundenbetreuung (CES)	Messt die Leichtigkeit, mit der Kunden mit Ihrer Marke interagieren.	Umfrage Metrik basierend auf Kundenfeedback	Mittel	Link
ğŸ’µ Verkaufskennzahlen	Kundenvertretung Rate	Prozentsatz der Kunden, die die Marke aktiv fÃ¶rdern.	(Anmelder Ã· Gesamtkunden) Ã— 100	Mittel	Link
Digital Marketing Kennzahlen	Kosten pro Mille (CPM)	Kosten fÃ¼r 1.000 EindrÃ¼cke.	(Gesamt Ad Spend Ã· Total Impressions) Ã— 1.000	Hoch	Link
Digital Marketing Kennzahlen	Click-Through Rate (CTR)	Prozentsatz der EindrÃ¼cke, die zu Klicks fÃ¼hrte.	(Klicks Ã· Impressionen) Ã— 100	Hoch	Link
Digital Marketing Kennzahlen	Kosten pro Klick (CPC)	Durchschnittliche Kosten eines einzigen Klicks.	Total Ad Spend Ã· Total Clicks	Hoch	Link
Digital Marketing Kennzahlen	Kosten pro Aktion (CPA)	Kosten fÃ¼r eine bestimmte Aktion (Kauf, Anmeldung, etc.).	Insgesamt Ad-Spend Ã· Gesamtumrechnungen	Hoch	Link
Digital Marketing Kennzahlen	ZurÃ¼ck	Gesamtzahl der einzigartigen Benutzer, die Ihre Anzeige sah.	Bildmaterial von Anzeigenplattformen	Mittel	
Digital Marketing Kennzahlen	HÃ¤ufigkeit	Durchschnittliche Anzahl der Male, die ein Benutzer Ihre Anzeige sieht.	Total Impressionen Ã· Unique Reach	Mittel	
Digital Marketing Kennzahlen	View-Through Rate (VTR)	Prozentsatz der Benutzer, die Ihre Videoanzeige zum Abschluss angesehen haben.	(VideoauszÃ¼ge Î¦ Gesamteindrucke) Ã— 100	Mittel	
Digital Marketing Kennzahlen	Return on Ad Spend (ROAS)	Einnahmen pro ausgegebenen Dollar fÃ¼r Anzeigen.	Einnahmen Ã· Ad Spend	Hoch	Link
Digital Marketing Kennzahlen	Impressionen teilen	Prozentsatz der fÃ¶rderfÃ¤higen EindrÃ¼cke, die Sie gefangen genommen haben.	(Prints Ã· Eligible Impressions) Ã— 100	Mittel	
Digital Marketing Kennzahlen	Video anzeigen Rate	Prozentsatz der Video-Anzeige-Impressionen, die zu einer Ansicht fÃ¼hren.	(Videoansichten Ã· Impressionen) Ã— 100	Mittel	
Digital Marketing Kennzahlen	Ad Engagement Rate	Prozentsatz der Interaktionen (GefÃ¤llt mir, Aktien, Klicks) mit einer Anzeige.	(Engagements Ã· Gesamteindrucke) Ã— 100	Mittel	
Digital Marketing Kennzahlen	Kosten pro Lead (CPL)	Kosten fÃ¼r die Erzeugung einer einzigen Leitung.	Insgesamt Ad Spend Ã· Gesamt Leads	Hoch	
Digital Marketing Kennzahlen	Umrechnungskurs	Prozentsatz der Anzeigenklicks, die zu einer Konvertierung fÃ¼hren.	(Konversionen Ã· Klicks) Ã— 100	Hoch	Link
Digital Marketing Kennzahlen	Bounce Rate	Prozentsatz der Benutzer, die auf die Anzeige geklickt haben, aber ohne zu interagieren.	(Single Page Sessions Ã· Total Sessions) Ã— 100	Mittel	
Digital Marketing Kennzahlen	Ad Placement Performance	Bewertet die EffektivitÃ¤t verschiedener Anzeigenplatzierungen (desktop vs. mobile).	Bildmaterial von Anzeigenplattformen	Mittel	
Digital Marketing Kennzahlen	Thumb Stop Rate	Prozentsatz der Benutzer, die das Scrollen stoppen, wenn Sie Ihre Anzeige treffen.	(Stops Ã· Gesamteindrucke) Ã— 100	Hoch	Link
Digital Marketing Kennzahlen	KPIs Marketing Email				
Digital Marketing Kennzahlen	Open Rate	Prozentsatz der E-Mail-EmpfÃ¤nger, die Ihre E-Mail geÃ¶ffnet haben.	(Emails GeÃ¶ffnet Ã· E-Mails Liefert) Ã— 100	Hoch	Link
Digital Marketing Kennzahlen	Click-Through Rate (CTR)	Prozentsatz der E-Mail-EmpfÃ¤nger, die auf Links in der E-Mail geklickt haben.	(Gesamt Clicks Ã· E-Mails Liefert) Ã— 100	Hoch	
Digital Marketing Kennzahlen	Click-to-Open Rate (CTOR)	Prozentsatz der EmpfÃ¤nger, die nach dem Ã–ffnen der E-Mail auf Links geklickt haben.	(Klicks Ã· Ã–ffnet) Ã— 100	Mittel	Link
Digital Marketing Kennzahlen	Umrechnungskurs	Prozentsatz der E-Mail-EmpfÃ¤nger, die die gewÃ¼nschte Aktion abgeschlossen haben.	(Conversions Ã· E-Mails Liefert) Ã— 100	Hoch	
Digital Marketing Kennzahlen	Bounce Rate	Prozentsatz der nicht an die EmpfÃ¤nger Ã¼bermittelten E-Mails.	(Bounced Emails Ã· Emails Sent) Ã— 100	Mittel	Link
Digital Marketing Kennzahlen	Abonnieren Rate	Prozentsatz der EmpfÃ¤nger, die von Ihrer Liste abgemeldet wurden.	Prozentsatz der EmpfÃ¤nger, die von Ihrer Liste abgemeldet wurden.	Hoch	Link
Digital Marketing Kennzahlen	Spam Beschwerderate	Prozentsatz der EmpfÃ¤nger, die Ihre E-Mail als Spam markierten.	(Spam Beschwerden Ã· E-Mails Liefert) Ã— 100	Mittel	
Digital Marketing Kennzahlen	Tabelle VerÃ¤nderungsrate	Rate, zu der Ihre E-Mail-Liste wÃ¤chst.	((Neue Abonnenten - Abonnenten) Ã· Total Abonnenten) Ã— 100	Hoch	
Digital Marketing Kennzahlen	VorwÃ¤rts-/Anteilquote	Prozentsatz der EmpfÃ¤nger, die Ihre E-Mail weitergeleitet oder geteilt.	(Formen/Forwards Ã· E-Mails Lieferbar) Ã— 100	Mittel	
Digital Marketing Kennzahlen	Email Revenue zum Abonnenten	Durchschnittliche Einnahmen pro E-Mail-Teilnehmer.	Gesamte Email Einnahmen Ã· Gesamte Abonnenten	Hoch	
Digital Marketing Kennzahlen	Cart Abandonment Umrechnung von Dateien	Prozentsatz der EmpfÃ¤nger, die die EinkÃ¤ufe nach Erhalt der Warenkorb-Abgabe-E-Mails abgeschlossen haben.	(Purchases from Cart Emails Ã· Cart Emails Lieferbar) Ã— 100	Hoch	
Digital Marketing Kennzahlen	Wiedereinziehung Preis	Prozentsatz der inaktiven Nutzer, die von einer Kampagne wieder eingenommen werden.	(Re-Engaged Users Ã· Total Inactive Users) Ã— 100	Mittel	
Digital Marketing Kennzahlen	Kennzahlen				
Digital Marketing Kennzahlen	ZurÃ¼ck	Anzahl der einzigartigen Benutzer, die Ihren Beitrag sahen.	Zur VerfÃ¼gung gestellt von Plattform-Analyse-Tools	Hoch	
Digital Marketing Kennzahlen	Impressionen	Gesamtzahl Ihrer Inhalte wurde angezeigt.	Zur VerfÃ¼gung gestellt von Plattform-Analyse-Tools	Hoch	
Digital Marketing Kennzahlen	Engagement Rate von Reach	Prozentsatz der Nutzer, die mit Ihrem Beitrag im Vergleich zu Reichweite interagierten.	(Gesamt Engagements Ã· Total Reach) Ã— 100	Hoch	
Digital Marketing Kennzahlen	Engagement Rate von Impressionen	Prozentsatz der Interaktionen aus GesamteindrÃ¼cken.	(Gesamte Engagements Ã· Gesamte Impressionen) Ã— 100	Mittel	Link
Digital Marketing Kennzahlen	Wachstumsrate	Steigerungsrate der Follower Ã¼ber einen bestimmten Zeitraum.	(New Followers Ã· Total Follower) Ã— 100	Hoch	
Digital Marketing Kennzahlen	Nach HÃ¤ufigkeit	Anzahl der Ã¼ber einen bestimmten Zeitraum verÃ¶ffentlichten BeitrÃ¤ge.	Gesamtposten Ã· Zeitperiode	Mittel	
Digital Marketing Kennzahlen	Aktienkurs	Prozentsatz der Personen, die Ihre Inhalte geteilt haben.	(Gesamtanteile Ã· Gesamteindrucke) Ã— 100	Mittel	
Digital Marketing Kennzahlen	Videoansichten	Anzahl der Zeiten wurde ein Video beobachtet.	Bildmaterial von Plattformanalysen	Mittel	
Digital Marketing Kennzahlen	Durchschnittliche Videoansicht Dauer	Durchschnittliche Zeit Benutzer verbrachten Ihre Videos zu sehen.	Total Watch Time Ã· Total Video Ansichten	Mittel	
Digital Marketing Kennzahlen	Click-Through Rate (CTR)	Prozentsatz der Benutzer, die auf den Link Ihres Beitrags geklickt haben.	(Gesamt Clicks Ã· Total Impressions) Ã— 100	Mittel	
Digital Marketing Kennzahlen	Kommentare per Post	Durchschnittliche Anzahl der Kommentare pro Post.	Posts insgesamt	Mittel	
Digital Marketing Kennzahlen	Speicher/Buchzeichen	Anzahl der Nutzer, die Ihre Inhalte gespeichert oder mit Lesezeichen versehen haben.	Bildmaterial von Plattformanalysen	Mittel	
Digital Marketing Kennzahlen	Anmerkungen	Anzahl der Zeiten Ihre Marke ist auf Social Media verschlagwortet oder erwÃ¤hnt.	Zur VerfÃ¼gung gestellt von Social HÃ¶rtools	Mittel	
Digital Marketing Kennzahlen	Profil Klicks	Anzahl der Nutzer, die Ihr Profil von Ihrem Inhalt besucht haben.	Bildmaterial von Plattformanalysen	Mittel	
Digital Marketing Kennzahlen	Online-Verleih	AufschlÃ¼sselung von Engagement-Typen (Liegen, Kommentare, Aktien).	ProzentsÃ¤tze jeder Eingriffsart	Niedrig	
Digital Marketing Kennzahlen	SEO (Search Engine Optimization) Kennzahlen				
Digital Marketing Kennzahlen	Verkehr	Gesamtzahl der Besucher, die von organischen Suchergebnissen auf Ihre Website kommen.	Bildmaterial von Tools wie Google Analytics	Hoch	
Digital Marketing Kennzahlen	SchlÃ¼sselwort-Rankings	Positionen von gezielten Keywords in Suchmaschinen-Ergebnisseiten (SERPs).	Mit Werkzeugen wie SEMrush oder Ahrefs verfolgt	Hoch	
Digital Marketing Kennzahlen	Click-Through Rate (CTR)	Prozentsatz der EindrÃ¼cke, die zu Klicks fÃ¼r organische Ergebnisse fÃ¼hrte.	(Organic Clicks Ã· Organic Impressions) Ã— 100	Hoch	
Digital Marketing Kennzahlen	Bounce Rate	Prozentsatz der Besucher, die nach der Besichtigung nur eine Seite verlassen.	(Single Page Sessions Ã· Total Sessions) Ã— 100	Hoch	
Digital Marketing Kennzahlen	Bakklinks	Gesamtzahl der externen Links, die auf Ihre Website zeigen.	Mit Werkzeugen wie Ahrefs oder SEMrush verfolgt	Hoch	
Digital Marketing Kennzahlen	Domains weiterfÃ¼hren	Gesamtzahl der einzigartigen Domains, die auf Ihre Website verlinken.	Mit Werkzeugen wie Ahrefs verfolgt	Mittel	
Digital Marketing Kennzahlen	Umrechnungspreis fÃ¼r organische Stoffe	Prozentsatz der organischen Besucher, die eine gewÃ¼nschte Aktion absolvieren (z.B. Kauf, Anmeldung).	(Organische Umrechnungen Ã· Organic Visitors) Ã— 100	Hoch	
Digital Marketing Kennzahlen	Durchschnittliche Zeit auf Seite	Durchschnittliche Dauer Besucher verbringen auf einer einzigen Seite.	Gesamtzeit auf Seite Ã· Gesamtseitenansichten	Hoch	
Digital Marketing Kennzahlen	Seiten pro Sitzung	Durchschnittliche Anzahl der Seiten, die ein Benutzer pro Sitzung besucht.	Gesamtseitenansichten Ã· Gesamtsitzungen	Mittel	Link
Digital Marketing Kennzahlen	Site Load Time	Durchschnittliche Zeit es braucht, um Ihre Website zu laden.	Gemessen mit Tools wie Google PageSpeed Insights	Mittel	
Digital Marketing Kennzahlen	Individuelle Seiten	Gesamtzahl der von Suchmaschinen indexierten Webseiten.	Gemessen mit Google Search Console	Niedrig	
Digital Marketing Kennzahlen	Bio Klicks	Gesamtzahl der Klicks aus organischen Suchergebnissen.	Bildmaterial von Google Search Console	Hoch	
Digital Marketing Kennzahlen	Bio-Impressionen	Gesamtzahl der Zeiten Ihre Website erschien in organischen Suchergebnissen.	Bildmaterial von Google Search Console	Hoch	
Digital Marketing Kennzahlen	Top Landing Pages	Die meisten besuchten Seiten durch organische Suche.	Bildmaterial von Tools wie Google Analytics	Hoch	
ğŸšš Lieferkette Kennzahlen	Kosteneinsparungen	Gesamtersparnis durch Initiativen zur Senkung der Auftragskosten.	(Basiskosten - TatsÃ¤chliche Kosten) Ã· Baseline Kosten Ã— 100	Hoch	
ğŸšš Lieferkette Kennzahlen	Bestellen Zykluszeit	Durchschnittliche Zeit, die es braucht, um einen Kaufauftrag zu erstellen, zu genehmigen und zu bearbeiten.	Gesamtzykluszeit Ã· Anzahl der Bestellungen	Mittel	Link
ğŸšš Lieferkette Kennzahlen	Lieferzeit fÃ¼r Lieferanten	Durchschnittliche Zeit von Lieferanten zur ErfÃ¼llung von AuftrÃ¤gen.	Insgesamt Lieferant Lead Time Ã· Anzahl der Bestellungen	Hoch	Link
ğŸšš Lieferkette Kennzahlen	Lieferpreis des Lieferanten	Anteil der von Lieferanten gelieferten Bestellungen am oder vor dem vereinbarten Datum.	(Ãœberstundenlieferungen Ã· Gesamtlieferungen) Ã— 100	Hoch	Link
ğŸšš Lieferkette Kennzahlen	Kosten pro Bestellung	Durchschnittliche Kosten fÃ¼r die Abwicklung eines Kaufauftrags.	Gesamtvergabekosten Ã· Anzahl der Bestellungen	Mittel	
ğŸšš Lieferkette Kennzahlen	Hersteller Defect Rate	Prozentsatz der Waren von Lieferanten, die defekt sind.	(Defektive Goods Ã· Gesamtgut erhalten) Ã— 100	Hoch	Link
ğŸšš Lieferkette Kennzahlen	Spend Under Management (SUM)	Prozentsatz der gesamten organisatorischen Ausgaben, die durch Beschaffung aktiv verwaltet werden.	(Verwaltete Ausgaben Ã· Gesamtausgaben) Ã— 100	Mittel	Link
ğŸšš Lieferkette Kennzahlen	Hersteller Performance Score	Composite-Score basierend auf LieferantenqualitÃ¤t, Lieferung und ReaktionsfÃ¤higkeit.	Gewichtete Bewertung von Lieferantenbewertungskriterien	Hoch	
ğŸšš Lieferkette Kennzahlen	Maverick Spende Rate	Prozentsatz der auÃŸerhalb der genehmigten Beschaffungsprozesse getÃ¤tigten EinkÃ¤ufe.	(Maverick Spend Ã· Total Spend) Ã— 100	Mittel	Link
ğŸšš Lieferkette Kennzahlen	Beschaffung ROI	Kapitalrendite fÃ¼r die BeschaffungstÃ¤tigkeiten.	(Versicherungskosteneinsparungen - Gesamtvergabekosten) Ã· Gesamtvergabekosten Ã— 100	Mittel	Link
ğŸšš Lieferkette Kennzahlen	Inventarmanagement Kennzahlen				
ğŸšš Lieferkette Kennzahlen	Inventarwechsel	MaÃŸnahmen, wie oft Inventar verkauft und in einem bestimmten Zeitraum ersetzt wird.	Kosten der verkauften GÃ¼ter Ã· Durchschnittliche Bestandsaufnahme	Hoch	Link
ğŸšš Lieferkette Kennzahlen	Tage Inventory Outstanding (DIO)	Die durchschnittliche Anzahl der Tage wird vor dem Verkauf gehalten.	(Altersinventar Ã· Kosten der verkauften Waren) Ã— 365	Hoch	Link
ğŸšš Lieferkette Kennzahlen	Inventargenauigkeitsrate	Prozentsatz der Bestandsaufnahmen, die dem tatsÃ¤chlichen physischen Bestand entsprechen.	(Accurate Stock Records Ã· Total Stock Items) Ã— 100	Hoch	Link
ğŸšš Lieferkette Kennzahlen	Aktienkurs	Prozentsatz der LagerbestÃ¤nde, die bei Bedarf nicht auf Lager waren.	(Stockouts Ã· Total Inventory Items) Ã— 100	Mittel	Link
ğŸšš Lieferkette Kennzahlen	Transportkosten der LagerstÃ¤tte	Gesamtkosten der Bestandsaufnahme, einschlieÃŸlich Lagerung, Versicherung und Abschreibungen.	Gesamter Lagerkosten Ã· Durchschnittlicher Lagerwert Ã— 100	Mittel	Link
ğŸšš Lieferkette Kennzahlen	Bestellen Sie die FÃ¼llrate	Prozentsatz der KundenauftrÃ¤ge, die vollstÃ¤ndig aus dem verfÃ¼gbaren Bestand erfÃ¼llt sind.	(AuftrÃ¤ge vollstÃ¤ndig Ã· GesamtauftrÃ¤ge) Ã— 100	Hoch	Link
ğŸšš Lieferkette Kennzahlen	Sicherheitsstufen	Mindestmenge an Lagerbestand zur Vermeidung von LagerbestÃ¤nden.	Berechnet basierend auf NachfragevariabilitÃ¤t und Lieferzeit	Mittel	Link
ğŸšš Lieferkette Kennzahlen	Tote Lager Prozentsatz	Prozentsatz der LagerbestÃ¤nde, die nicht Ã¼ber einen bestimmten Zeitraum verkauft oder verwendet wurden.	(Dead Stock Ã· Total Inventory) Ã— 100	Mittel	Link
ğŸšš Lieferkette Kennzahlen	ZurÃ¼ckbestellung	Prozentsatz der aufgrund unzureichender LagerbestÃ¤nde verzÃ¶gerten Bestellungen.	(Backordered Orders \	Mittel	Link
ğŸšš Lieferkette Kennzahlen	Inventar Shrinkage	Prozentsatz des durch Diebstahl, Schaden oder Verwaltungsfehler verlorenen Inventars.	(Ergebnisverluste Ã· Gesamter Lagerbestand) Ã— 100	Mittel	Link
ğŸšš Lieferkette Kennzahlen	Logistik und Transport Kennzahlen				
ğŸšš Lieferkette Kennzahlen	On-Time Lieferrate	Prozentsatz der Lieferungen an oder vor der geplanten Zeit.	(Ãœberstundenlieferungen Ã· Gesamtlieferungen) Ã— 100	Hoch	
ğŸšš Lieferkette Kennzahlen	Durchschnittliche Lieferzeit	Durchschnittliche Zeit fÃ¼r die Lieferung von Waren an Kunden oder Ziele.	Lieferfrist insgesamt Ã· Lieferungen insgesamt	Hoch	
ğŸšš Lieferkette Kennzahlen	Transportkosten pro Einheit	Durchschnittliche Kosten fÃ¼r den Transport einer Produkteinheit.	Transportkosten insgesamt Ã· Einheiten Transport	Hoch	
ğŸšš Lieferkette Kennzahlen	Frachtkosten prozentual	Prozentsatz der Einnahmen fÃ¼r Fracht und Transport.	(Freight Costs Ã· Gesamtumsatz) Ã— 100	Mittel	
ğŸšš Lieferkette Kennzahlen	LadekapazitÃ¤t Nutzungsrate	Prozentsatz der pro Sendung genutzten TransportkapazitÃ¤t.	(Aktuelle Belastung Ã· GesamtlastkapazitÃ¤t) Ã— 100	Mittel	Link
ğŸšš Lieferkette Kennzahlen	Versand Schadensersatz	Prozentsatz der wÃ¤hrend des Transports beschÃ¤digten Sendungen.	(Damaged Shipments Ã· Total Ships) Ã— 100	Mittel	
ğŸšš Lieferkette Kennzahlen	Backend Lieferzeit	Durchschnittliche Zeit fÃ¼r die Lieferung von Backcard-Waren.	Backend Lieferzeit	Mittel	
ğŸšš Lieferkette Kennzahlen	Order Fulfillment Cycle Time	Durchschnittliche Zeit fÃ¼r Prozess, Schiff und Lieferung einer Bestellung.	Order Delivery Time - Order Placement Time	Hoch	Link
ğŸšš Lieferkette Kennzahlen	Liefergenauigkeit Rate	Prozentsatz der Lieferungen an den richtigen Ort beim ersten Versuch.	(Akkurate Lieferungen Ã· Gesamtlieferungen) Ã— 100	Mittel	
ğŸšš Lieferkette Kennzahlen	RÃ¼ckgabequote	Prozentsatz der zurÃ¼ckgegebenen Waren aufgrund von Lieferfehlern oder MÃ¤ngeln.	(Returned Deliveries Ã· Gesamtlieferungen) Ã— 100	Mittel	Link
ğŸšš Lieferkette Kennzahlen	Produktion und Effizienz Kennzahlen				
ğŸšš Lieferkette Kennzahlen	Produktionszykluszeit	Durchschnittliche Zeit fÃ¼r die Herstellung einer einzelnen Produkteinheit.	Gesamtproduktionszeit Ã· Gesamteinheiten Produziert	Hoch	Link
ğŸšš Lieferkette Kennzahlen	KapazitÃ¤tsauslastung Preis	Prozentsatz der verwendeten ProduktionskapazitÃ¤ten.	(Aktuelle Ausgabe â€º Maximale mÃ¶gliche Ausgabe) Ã— 100	Hoch	Link
ğŸšš Lieferkette Kennzahlen	Gesamtwirkung der AusrÃ¼stung (OEE)	MaÃŸnahmen, wie effektiv Produktionsanlagen genutzt werden.	VerfÃ¼gbarkeit Ã— Leistung Ã— QualitÃ¤t (ausgedrÃ¼ckt in Prozent)	Hoch	
ğŸšš Lieferkette Kennzahlen	Ausfallquote	Prozent der Produktionszeit, die durch GerÃ¤te- oder ProzessausfÃ¤lle verloren geht.	(Downtime Ã· Scheduled Production Time) Ã— 100	Hoch	Link
ğŸšš Lieferkette Kennzahlen	Rendite	Prozentsatz der Produkte, die QualitÃ¤tsstandards ohne Nacharbeit erfÃ¼llen.	(Good Units Produziert Ã· Gesamteinheiten Produziert) Ã— 100	Hoch	Link
ğŸšš Lieferkette Kennzahlen	Schrottrate	Der Anteil der Rohstoffe wurde wÃ¤hrend der Produktion verschwendet.	(Scrapped Materials Ã· Total Materials Used) Ã— 100	Mittel	
ğŸšš Lieferkette Kennzahlen	First Pass Yield (FPY)	Prozentsatz der Produkte, die die QualitÃ¤tskontrolle beim ersten Versuch durchlaufen.	(Units Passed First Attempt Ã· Total Units Produziert) Ã— 100	Mittel	
ğŸšš Lieferkette Kennzahlen	Bestellen Sie Lead Time	Durchschnittliche Zeit vom Auftragsplatz bis zur Fertigstellung.	Gesamtauftrag Vorlaufzeit Ã· Anzahl der Bestellungen	Mittel	
ğŸšš Lieferkette Kennzahlen	Energieverbrauch pro StÃ¼ck Produziert	Durchschnittlicher Energieverbrauch je hergestellte Produkteinheit.	Gesamtenergie verbraucht Ã· Gesamteinheiten produziert	Mittel	
ğŸšš Lieferkette Kennzahlen	ArbeitsproduktivitÃ¤t	Durchschnittliche Leistung pro Arbeitsstunde produziert.	Gesamtausgabe Ã· Gesamtarbeitsstunden	Mittel	Link
ğŸšš Lieferkette Kennzahlen	KundenbefÃ¼llung Kennzahlen				
ğŸšš Lieferkette Kennzahlen	Perfekte Bestellrate	Prozentsatz der ohne Probleme gelieferten Bestellungen (z.B. spÃ¤te Lieferung, BeschÃ¤digung, fehlerhafte GegenstÃ¤nde).	(Perfect Orders Ã· Total Orders) Ã— 100	Hoch	
ğŸšš Lieferkette Kennzahlen	Order Fulfillment Time	Durchschnittliche Zeit zur Bearbeitung und Lieferung von KundenauftrÃ¤gen.	Fulfillment insgesamt Zeit Ã· Anzahl der Bestellungen	Hoch	Link
ğŸšš Lieferkette Kennzahlen	Bestellgenauigkeit Rate	Prozentsatz der Lieferungen mit korrekten StÃ¼ckzahlen und StÃ¼ckzahlen.	(Bestellungsbestellungen Ã· Gesamtbestellungen) Ã— 100	Hoch	
ğŸšš Lieferkette Kennzahlen	Kundenzufriedenheits-Score (CSAT)	Messt die Kundenzufriedenheit mit dem AuftragserfÃ¼llungsprozess.	(Positive Reaktionen) Ã— 100	Mittel	Link
ğŸšš Lieferkette Kennzahlen	On-Time Lieferrate	Prozentsatz der an oder vor dem voraussichtlichen Liefertermin gelieferten Bestellungen.	(Ãœberstundenlieferungen Ã· Gesamtlieferungen) Ã— 100	Hoch	
ğŸšš Lieferkette Kennzahlen	ZurÃ¼ckbestellung	Prozentsatz der aufgrund unzureichender Bestandsaufnahme verzÃ¶gerten Bestellungen.	(Backordered Orders \	Mittel	
ğŸšš Lieferkette Kennzahlen	ZurÃ¼ck zur Ãœbersicht	Prozentsatz der von den Kunden zurÃ¼ckgegebenen gelieferten Waren.	(Returned Orders) Ã— 100	Mittel	
ğŸšš Lieferkette Kennzahlen	NachfÃ¼llkosten fÃ¼r Bestellung	Durchschnittliche Kosten fÃ¼r die Bearbeitung und Lieferung einer Bestellung.	Fulfillment insgesamt Kosten Ã· Anzahl der Bestellungen	Mittel	Link
ğŸšš Lieferkette Kennzahlen	Lieferung Zufriedenheit Preis	Prozent der Kunden zufrieden mit der Liefererfahrung.	(Verkaufslieferungen Ã· Gesamtlieferungen) Ã— 100	Mittel	
ğŸšš Lieferkette Kennzahlen	Zykluszeit bestellen	Gesamtzeit vom Kundenauftrag bis zur Lieferung.	Bestell- und Lieferfrist insgesamt Ã· Anzahl der Bestellungen	Hoch	Link
Projektleitung Kennzahlen	On-Time-Kompensationsrate	Prozentsatz der innerhalb des vorgesehenen Zeitrahmens abgeschlossenen Projekte oder Aufgaben.	(Projekte abgeschlossen auf Zeit Ã· Gesamtprojekte) Ã— 100	Hoch	
Projektleitung Kennzahlen	Milestone Performance Rate	Prozentualer Anteil der an oder vor der Frist erreichten Projektziele.	(Achieved Meilensteine Ã· Gesamte Meilensteine) Ã— 100	Hoch	
Projektleitung Kennzahlen	Anzahl der Ã¼berfÃ¤lligen Aufgaben	Gesamtzahl der Aufgaben, die nicht durch ihre zugewiesenen Fristen abgeschlossen sind.	Summe der Ã¼berfÃ¤lligen Aufgaben	Hoch	
Projektleitung Kennzahlen	Anwendungsbereich	Prozentsatz der Projekte, die bei der AusfÃ¼hrung Ã„nderungen der Umfange erfahren.	(Projekte mit Scope Changes Ã· Gesamtprojekte) Ã— 100	Mittel	
Projektleitung Kennzahlen	Durchschnittliche Projektlaufzeit	Durchschnittliche Zeit, um ein Projekt von der Einleitung bis zum Abschluss zu vervollstÃ¤ndigen.	Gesamtzeit fÃ¼r alle Projekte Ã· Anzahl der Projekte	Mittel	
Projektleitung Kennzahlen	Aufgabenabwicklungsrate	Prozentsatz der Aufgaben, die im Zusammenhang mit den Gesamtaufgaben eines Projekts abgeschlossen wurden.	(Vereinigte Aufgaben Ã· Gesamtaufgaben) Ã— 100	Hoch	
Projektleitung Kennzahlen	Fahrplanvariante	Differenz zwischen dem geplanten Zeitplan und dem tatsÃ¤chlichen Zeitplan.	(geplante Dauer - tatsÃ¤chliche Dauer) Ã· Geplante Dauer Ã— 100	Hoch	
Projektleitung Kennzahlen	Geplant vs. TatsÃ¤chlicher Fortschritt	Vergleich des geplanten Fortschrittsprozentsatzes mit dem tatsÃ¤chlichen Fortschrittsprozentsatz zu einem bestimmten Zeitpunkt.	(Geplante Fortschritte) Ã— 100	Mittel	Link
Projektleitung Kennzahlen	Projekt Erfolgsquote	Prozentsatz der Projekte, die erfolgreich durchgefÃ¼hrt werden, Umfang, Zeit und Budget.	(Erfolgreiche Projekte Ã· Gesamtprojekte) Ã— 100	Hoch	
Projektleitung Kennzahlen	Ressourcennutzungsrate	Prozentsatz der Ressourcen, die wÃ¤hrend der Projektlieferung effektiv genutzt werden.	(JÃ¤hrliche Ressourcenzeiten Ã· VerfÃ¼gbare Ressourcenzeiten) Ã— 100	Mittel	Link
Projektleitung Kennzahlen	Haushalts- und Kostenmanagement Kennzahlen				
Projektleitung Kennzahlen	Haushaltsvariante	Messt den Unterschied zwischen dem geplanten Budget und den tatsÃ¤chlichen Projektkosten.	(Geplanter Haushalt - TatsÃ¤chliche Kosten) Ã· Geplanter Haushalt Ã— 100	Hoch	Link
Projektleitung Kennzahlen	Kostenleistungsindex (CPI)	Gibt Kosteneffizienz und Finanzleistung an.	Gesteigerter Wert Ã· TatsÃ¤chliche Kosten	Hoch	Link
Projektleitung Kennzahlen	Gesteigerter Wert (EV)	Stellt den Wert der geleisteten Arbeit in Bezug auf den geplanten Zeitplan und die Kosten dar.	(JÃ¤hrliche Fortschritte Ã— Geplanter Haushalt)	Hoch	Link
Projektleitung Kennzahlen	TatsÃ¤chliche Kosten (AC)	Gesamtkosten fÃ¼r das Projekt bisher.	Summe aller tatsÃ¤chlichen Projektkosten	Hoch	Link
Projektleitung Kennzahlen	SchÃ¤tzung zum Abschluss (ETC)	SchÃ¤tzung der Restkosten, die fÃ¼r die Projektabwicklung erforderlich sind.	(Geplanter Haushalt - EV)	Mittel	
Projektleitung Kennzahlen	To-Complete Performance Index (TCPI)	Prognostiziert die Kosteneffizienz, die erforderlich ist, um das Projekt innerhalb des Budgets abzuschlieÃŸen.	(geplanter Haushalt - EV) Ã· (geplanter Haushalt - TatsÃ¤chliche Kosten)	Mittel	Link
Projektleitung Kennzahlen	Kostenvarianz (CV)	Messt die Differenz zwischen dem verdienten Wert und den tatsÃ¤chlichen Kosten.	EV - TatsÃ¤chliche Kosten	Hoch	Link
Projektleitung Kennzahlen	KostenÃ¼berschreitung Prozentsatz	Prozentsatz, um den die tatsÃ¤chlichen Kosten den ursprÃ¼nglichen Haushaltsplan Ã¼berschreiten.	(Aktuelle Kosten - Planiertes Budget) Ã· Planiertes Budget Ã— 100	Mittel	Link
Projektleitung Kennzahlen	Kosten pro Lieferbar	Durchschnittliche Kosten pro Liefer- oder Arbeitseinheit abgeschlossen.	Gesamtkosten	Mittel	
Projektleitung Kennzahlen	Budget Burn Rate	Rate, zu der Projektmittel im Laufe der Zeit ausgegeben werden.	(Gesamtzeit abnehmen)	Mittel	Link
Projektleitung Kennzahlen	Team ProduktivitÃ¤t und Effizienzkennzahlen				
Projektleitung Kennzahlen	Aufgabenabwicklungsrate	Prozentsatz der Aufgaben, die im VerhÃ¤ltnis zu den insgesamt zugewiesenen Aufgaben erledigt sind.	(Vereinigte Aufgaben Ã· Gesamtaufgaben) Ã— 100	Hoch	
Projektleitung Kennzahlen	Ressourcennutzungsrate	Prozentsatz der verfÃ¼gbaren Zeit der Teammitglieder fÃ¼r produktive Aufgaben.	(JÃ¤hrliche Stunden Arbeit Ã· VerfÃ¼gbare Stunden) Ã— 100	Hoch	
Projektleitung Kennzahlen	Durchschnittliche Aufgabendauer	Durchschnittliche Zeit, um eine Aufgabe abzuschlieÃŸen.	Total Time Spent on Tasks Ã· Anzahl der Aufgaben	Mittel	
Projektleitung Kennzahlen	Team Productivity Index	Zusammengesetztes MaÃŸ an Teamleistung im VerhÃ¤ltnis zu Aufwand und eingesetzten Ressourcen.	Ausgangswert Î¦ Ressourceneingang	Mittel	Link
Projektleitung Kennzahlen	Mitarbeiterbindung Ergebnis	Messt Team Engagement und Zufriedenheit mit dem Projekt.	Abgeleitet von Engagement-Umfragen und Feedback	Mittel	
Projektleitung Kennzahlen	Billable Utilities Rate	Prozentsatz der Teamstunden, die fÃ¼r die abrechnungsfÃ¤hige Projektarbeit ausgegeben werden.	(Billable Hours Ã· Total Hours Worked) Ã— 100	Mittel	Link
Projektleitung Kennzahlen	Ãœberstunden	Prozentsatz der Ã¼ber die Standardarbeitszeit geleisteten Arbeitsstunden.	(Ãœberstunden Ã· Gesamtstunden Arbeitet) Ã— 100	Mittel	Link
Projektleitung Kennzahlen	Collaboration Effektiveness Score	Messt die Wirksamkeit von Teamarbeit und Zusammenarbeit.	Umfrage Metrik basierend auf Team-Feedback	Mittel	
Projektleitung Kennzahlen	Absenteism Rate	Prozentsatz der geplanten Arbeitszeiten, die von Teammitgliedern verpasst werden.	(Missed Work Hours Ã· Scheduled Work Hours) Ã— 100	Mittel	Link
Projektleitung Kennzahlen	Wissensvermittlung Index	Messt, wie effektiv Teammitglieder Wissen und Erkenntnisse teilen.	Abgeleitet von Umfrageergebnissen oder beobachteten AktivitÃ¤ten	Niedrig	
ğŸ› ï¸ Produktentwicklung Kennzahlen	Durchschnittliche Zeit-zu-Market	Durchschnittliche Zeit, um ein Produkt von Konzept zu Markt bringen.	Gesamtentwicklung Zeit Ã· Anzahl der Produkte	Hoch	Link
ğŸ› ï¸ Produktentwicklung Kennzahlen	Entwicklungszykluszeit	Zeit genommen, um die Entwicklungsphase eines Produktes abzuschlieÃŸen.	Enddatum - Startdatum fÃ¼r Entwicklungsphase	Hoch	Link
ğŸ› ï¸ Produktentwicklung Kennzahlen	Prozentsatz der On-Time-EinfÃ¼hrungen	Prozentsatz der am oder vor dem geplanten Starttermin gestarteten Produkte.	(Ãœberstunden startet Ã· GesamteinfÃ¼hrungen) Ã— 100	Hoch	
ğŸ› ï¸ Produktentwicklung Kennzahlen	Iteration Time pro Produkt	Durchschnittliche Zeit fÃ¼r Iterationen wÃ¤hrend des Entwicklungszyklus.	Gesamte Iterationszeit Ã· Anzahl der Iterationen	Mittel	
ğŸ› ï¸ Produktentwicklung Kennzahlen	Zeit-zu-Prototyping	Durchschnittliche Zeit braucht es, um den ersten Prototyp zu erstellen.	Gesamt-Prototypenzeit Ã· Anzahl der Prototypen	Mittel	
ğŸ› ï¸ Produktentwicklung Kennzahlen	Bezeichnung des Flaschenhalses Preis	Prozentsatz der Projekte, bei denen VerzÃ¶gerungen aufgrund von EngpÃ¤ssen festgestellt wurden.	(Projekte mit EngpÃ¤ssen Ã· Gesamtprojekte) Ã— 100	Mittel	
ğŸ› ï¸ Produktentwicklung Kennzahlen	VerzÃ¶gerungsrate	Prozentsatz der Ã¼ber die geplante Frist hinaus verzÃ¶gerten Projekte oder Produkte.	(VerzÃ¶gerte Projekte Ã· Gesamtprojekte) Ã— 100	Mittel	
ğŸ› ï¸ Produktentwicklung Kennzahlen	Durchschnittliche Zulassungszeit	Zeit genommen, um Genehmigungen fÃ¼r den Fortschritt im Entwicklungsprozess zu erhalten.	Gesamtgenehmigungszeit Ã· Anzahl der Genehmigungen	Mittel	
ğŸ› ï¸ Produktentwicklung Kennzahlen	Zeit-zu-Testing	Durchschnittliche Zeit fÃ¼r die Initiierung und VervollstÃ¤ndigung von Produkttestphasen.	Gesamttestzeit Ã· Anzahl der Testzyklen	Mittel	
ğŸ› ï¸ Produktentwicklung Kennzahlen	Launch Readiness Index	Composite-Score-Bewertung der Startbereitschaft basierend auf SchlÃ¼sselkriterien (Test, Genehmigung, etc.).	Gewichtetes Ergebnis basierend auf Bereitschaftskriterien	Hoch	
ğŸ› ï¸ Produktentwicklung Kennzahlen	QualitÃ¤t und Innovation Kennzahlen				
ğŸ› ï¸ Produktentwicklung Kennzahlen	Defektrate	Prozentsatz der bei der Entwicklung oder nach dem Start festgestellten MÃ¤ngel.	(Defektive Produkte Ã· Gesamtprodukte) Ã— 100	Hoch	Link
ğŸ› ï¸ Produktentwicklung Kennzahlen	Anzahl der eingereichten Patente	Gesamtzahl der Patente, die durch Innovation in der Produktentwicklung eingereicht wurden.	Anzahl der eingereichten Patente	Mittel	
ğŸ› ï¸ Produktentwicklung Kennzahlen	Prozentsatz der neuen Funktionen angenommen	Prozentsatz der neu entwickelten Funktionen, die von den Nutzern erfolgreich Ã¼bernommen wurden.	(Adopted Features Ã· Neue Features insgesamt) Ã— 100	Mittel	
ğŸ› ï¸ Produktentwicklung Kennzahlen	First-Pass Yield (FPY)	Prozentsatz der Produkte, die QualitÃ¤tstests am ersten Versuch durchfÃ¼hren.	(Units Passed First Attempt Ã· Total Units Tested) Ã— 100	Hoch	
ğŸ› ï¸ Produktentwicklung Kennzahlen	Kundenbeschwerdenquote	Anzahl der Kundenbeschwerden im Zusammenhang mit der ProduktqualitÃ¤t pro verkaufter Einheit.	(Gesamtbeschwerden Ã· Einheiten Verkauft) Ã— 100	Hoch	Link
ğŸ› ï¸ Produktentwicklung Kennzahlen	ROI Innovation	Return on Investitionen aus InnovationsbemÃ¼hungen in der Produktentwicklung.	(Revenue von Innovationen - Innovationskosten) Ã· Innovationskosten Ã— 100	Mittel	
ğŸ› ï¸ Produktentwicklung Kennzahlen	Produkttest Pass Rate	Prozentsatz der Produkte, die alle PrÃ¼fkriterien erfÃ¼llen.	(Passed Tests Ã· Gesamttests durchgefÃ¼hrt) Ã— 100	Mittel	
ğŸ› ï¸ Produktentwicklung Kennzahlen	Zeit zum LÃ¶sen von QualitÃ¤tsproblemen	Durchschnittliche Zeit, die benÃ¶tigt wird, um gemeldete QualitÃ¤tsprobleme zu beheben.	GesamtauflÃ¶sung Zeit Ã· Anzahl der Probleme	Mittel	
ğŸ› ï¸ Produktentwicklung Kennzahlen	Idea-to-Implementierung VerhÃ¤ltnis	Prozentsatz der Ideen, die erfolgreich umgesetzt werden.	(Implementierte Ideen Ã· Gesamte Ideen) Ã— 100	Mittel	
ğŸ› ï¸ Produktentwicklung Kennzahlen	Prozentsatz nachhaltiger Produkte	Prozentsatz der Produkte, die mit nachhaltigen oder umweltfreundlichen Materialien entwickelt wurden.	(Nachhaltige Produkte Ã· Gesamtprodukte) Ã— 100	Mittel	
ğŸ› ï¸ Produktentwicklung Kennzahlen	Ressourcen- und Kosteneffizienzkennzahlen				
ğŸ› ï¸ Produktentwicklung Kennzahlen	FuE Ausgaben als Prozentsatz der Einnahmen	Prozentsatz der Einnahmen, die den Forschungs- und EntwicklungstÃ¤tigkeiten zugewiesen werden.	(Fortsetzung) Ã— 100	Hoch	
ğŸ› ï¸ Produktentwicklung Kennzahlen	Kosten pro Feature entwickelt	Durchschnittliche Kosten fÃ¼r die Entwicklung einer einzigen Funktion.	Gesamtentwicklungskosten Ã· Anzahl der Funktionen Entwickelt	Mittel	Link
ğŸ› ï¸ Produktentwicklung Kennzahlen	Teamnutzung Preis	Prozentsatz der Teamstunden fÃ¼r produktive Entwicklungsaufgaben.	(Aktuelle Arbeitszeit Ã· VerfÃ¼gbare Arbeitszeiten) Ã— 100	Hoch	Link
ğŸ› ï¸ Produktentwicklung Kennzahlen	Entwicklung Budget Adhering	Prozentsatz der im Rahmen des zugeteilten Haushaltsplans abgeschlossenen Projekte.	(Projekte zum Haushalt Ã· Gesamtprojekte) Ã— 100	Hoch	
ğŸ› ï¸ Produktentwicklung Kennzahlen	Ressourcen-Allokationseffizienz	Prozentsatz der Ressourcen, die in Projekten effektiv genutzt werden.	(Allocated Resources Ã· VerfÃ¼gbare Ressourcen) Ã— 100	Mittel	
ğŸ› ï¸ Produktentwicklung Kennzahlen	KostenÃ¼berschreitung Prozentsatz	Prozentsatz, um den die tatsÃ¤chlichen Kosten die Kosten Ã¼bersteigen.	(Aktuelle Kosten - GeschÃ¤tzte Kosten) Ã· GeschÃ¤tzte Kosten Ã— 100	Mittel	
ğŸ› ï¸ Produktentwicklung Kennzahlen	Preis-Leistungs-VerhÃ¤ltnis	Die durchschnittlichen Kosten der Merkmale entwickelten sich als Anteil der Gesamtproduktkosten.	Gesamtentwicklungskosten Ã· Gesamtproduktentwicklungskosten	Mittel	
ğŸ› ï¸ Produktentwicklung Kennzahlen	EntwicklungsrÃ¼ckstand	Prozentsatz der Entwicklungsarbeiten, die Nacharbeiten oder Korrekturen erfordern.	(Reworked Features Ã· Gesamteigenschaften) Ã— 100	Mittel	
ğŸ› ï¸ Produktentwicklung Kennzahlen	Durchschnittliche Entwicklungskosten pro Stunde	Kosten der Entwicklungsarbeit pro Stunde TeambemÃ¼hung.	Gesamtentwicklungskosten Ã· Gesamtarbeitsstunden	Mittel	
ğŸ› ï¸ Produktentwicklung Kennzahlen	Resource Turnover Preis	Prozentsatz der Teammitglieder, die wÃ¤hrend des Entwicklungsprozesses ersetzt wurden.	(Teammitglieder Ersetzt Ã· Gesamtmitglieder) Ã— 100	Mittel	
